round	position	cell	internal_seconds	process_seconds	user_seconds	sys_seconds	max_rss_bytes
1	1	control	0.130	0.14			145506304
1	2	anchor_only	0.131	0.14			145604608
1	3	query_only	0.130	0.14			145571840
1	4	actual	0.130	0.14			145457152
2	1	actual	0.130	0.14			145506304
2	2	query_only	0.132	0.14			145571840
2	3	anchor_only	0.131	0.14			145408000
2	4	control	0.130	0.14			145670144
3	1	query_only	0.130	0.14			145440768
3	2	control	0.130	0.14			145506304
3	3	actual	0.131	0.14			145620992
3	4	anchor_only	0.130	0.14			145588224
4	1	anchor_only	0.131	0.14			145424384
4	2	actual	0.130	0.14			145489920
4	3	control	0.129	0.14			145555456
4	4	query_only	0.131	0.14			145522688
5	1	control	0.129	0.14			145506304
5	2	anchor_only	0.129	0.14			145408000
5	3	query_only	0.131	0.14			145358848
5	4	actual	0.131	0.14			145604608
6	1	actual	0.131	0.14			145571840
6	2	query_only	0.129	0.14			145522688
6	3	anchor_only	0.130	0.14			145506304
6	4	control	0.130	0.14			145424384
7	1	query_only	0.130	0.14			145506304
7	2	control	0.143	0.15			145457152
7	3	actual	0.131	0.14			145440768
7	4	anchor_only	0.130	0.14			145489920
8	1	anchor_only	0.130	0.14			145440768
8	2	actual	0.130	0.14			145539072
8	3	control	0.131	0.14			145457152
8	4	query_only	0.130	0.14			145555456
9	1	control	0.130	0.14			145522688
9	2	anchor_only	0.130	0.14			145473536
9	3	query_only	0.131	0.14			145440768
9	4	actual	0.131	0.14			145326080
10	1	actual	0.129	0.14			145424384
10	2	query_only	0.130	0.14			145522688
10	3	anchor_only	0.131	0.14			145375232
10	4	control	0.129	0.14			145473536
11	1	query_only	0.130	0.14			145440768
11	2	control	0.131	0.14			145489920
11	3	actual	0.130	0.14			147881984
11	4	anchor_only	0.131	0.14			145391616
12	1	anchor_only	0.131	0.14			145604608
12	2	actual	0.131	0.14			145571840
12	3	control	0.129	0.14			145489920
12	4	query_only	0.130	0.14			145440768
13	1	control	0.129	0.14			145391616
13	2	anchor_only	0.131	0.14			145276928
13	3	query_only	0.131	0.14			145506304
13	4	actual	0.130	0.14			145473536
14	1	actual	0.131	0.14			145440768
14	2	query_only	0.130	0.14			145604608
14	3	anchor_only	0.129	0.14			145440768
14	4	control	0.129	0.14			145391616
15	1	query_only	0.129	0.14			145539072
15	2	control	0.129	0.14			145555456
15	3	actual	0.131	0.14			145489920
15	4	anchor_only	0.130	0.14			145555456
16	1	anchor_only	0.130	0.14			145555456
16	2	actual	0.129	0.14			145489920
16	3	control	0.129	0.14			145522688
16	4	query_only	0.129	0.14			145522688
17	1	control	0.131	0.14			145506304
17	2	anchor_only	0.130	0.14			145408000
17	3	query_only	0.130	0.14			145555456
17	4	actual	0.131	0.14			145489920
18	1	actual	0.130	0.14			145473536
18	2	query_only	0.129	0.14			145424384
18	3	anchor_only	0.130	0.14			145522688
18	4	control	0.130	0.14			145276928
19	1	query_only	0.129	0.14			145539072
19	2	control	0.130	0.14			145571840
19	3	actual	0.131	0.14			145473536
19	4	anchor_only	0.131	0.14			145227776
20	1	anchor_only	0.130	0.14			145408000
20	2	actual	0.130	0.14			145604608
20	3	control	0.132	0.14			145522688
20	4	query_only	0.129	0.14			145391616
21	1	control	0.130	0.14			145539072
21	2	anchor_only	0.130	0.14			145326080
21	3	query_only	0.129	0.14			145571840
21	4	actual	0.129	0.14			145571840
22	1	actual	0.130	0.14			145375232
22	2	query_only	0.129	0.14			145440768
22	3	anchor_only	0.130	0.14			145358848
22	4	control	0.129	0.14			145473536
23	1	query_only	0.129	0.14			145522688
23	2	control	0.129	0.14			145489920
23	3	actual	0.131	0.14			145424384
23	4	anchor_only	0.130	0.14			145391616
24	1	anchor_only	0.130	0.14			145489920
24	2	actual	0.129	0.14			145539072
24	3	control	0.130	0.14			145457152
24	4	query_only	0.129	0.14			145588224
25	1	control	0.130	0.14			145473536
25	2	anchor_only	0.130	0.14			145276928
25	3	query_only	0.130	0.14			145375232
25	4	actual	0.130	0.14			145391616
26	1	actual	0.129	0.14			145424384
26	2	query_only	0.131	0.14			145375232
26	3	anchor_only	0.130	0.14			147718144
26	4	control	0.129	0.14			145539072
27	1	query_only	0.129	0.14			145489920
27	2	control	0.130	0.14			145457152
27	3	actual	0.129	0.14			145489920
27	4	anchor_only	0.129	0.14			145375232
28	1	anchor_only	0.130	0.14			145342464
28	2	actual	0.131	0.14			145539072
28	3	control	0.130	0.14			145391616
28	4	query_only	0.129	0.14			145539072
29	1	control	0.130	0.14			145391616
29	2	anchor_only	0.129	0.14			145440768
29	3	query_only	0.131	0.14			145391616
29	4	actual	0.130	0.14			145391616
30	1	actual	0.130	0.14			145457152
30	2	query_only	0.130	0.14			145473536
30	3	anchor_only	0.130	0.14			145604608
30	4	control	0.129	0.14			145342464
31	1	query_only	0.129	0.14			145473536
31	2	control	0.132	0.14			145424384
31	3	actual	0.130	0.14			145571840
31	4	anchor_only	0.130	0.14			145637376
32	1	anchor_only	0.130	0.14			145539072
32	2	actual	0.130	0.14			145473536
32	3	control	0.130	0.14			145440768
32	4	query_only	0.131	0.14			145489920
33	1	control	0.132	0.14			145375232
33	2	anchor_only	0.130	0.14			145408000
33	3	query_only	0.130	0.14			145342464
33	4	actual	0.130	0.14			145473536
34	1	actual	0.130	0.14			145457152
34	2	query_only	0.128	0.14			145342464
34	3	anchor_only	0.130	0.14			145424384
34	4	control	0.130	0.14			145424384
35	1	query_only	0.130	0.14			145326080
35	2	control	0.131	0.14			147488768
35	3	actual	0.130	0.14			145424384
35	4	anchor_only	0.129	0.14			145571840
36	1	anchor_only	0.130	0.14			145375232
36	2	actual	0.131	0.14			145424384
36	3	control	0.130	0.14			145539072
36	4	query_only	0.129	0.14			145391616
37	1	control	0.130	0.14			145391616
37	2	anchor_only	0.130	0.14			145276928
37	3	query_only	0.129	0.14			145358848
37	4	actual	0.130	0.14			145375232
38	1	actual	0.130	0.14			145489920
38	2	query_only	0.130	0.14			145440768
38	3	anchor_only	0.130	0.14			145424384
38	4	control	0.131	0.14			145342464
39	1	query_only	0.130	0.14			145522688
39	2	control	0.129	0.14			145408000
39	3	actual	0.130	0.14			145309696
39	4	anchor_only	0.130	0.14			145473536
40	1	anchor_only	0.132	0.14			145457152
40	2	actual	0.131	0.14			145571840
40	3	control	0.132	0.14			145620992
40	4	query_only	0.129	0.14			147619840
41	1	control	0.130	0.14			145424384
41	2	anchor_only	0.130	0.14			145375232
41	3	query_only	0.129	0.14			145473536
41	4	actual	0.131	0.14			145637376
42	1	actual	0.130	0.14			145457152
42	2	query_only	0.129	0.14			145440768
42	3	anchor_only	0.130	0.14			145571840
42	4	control	0.129	0.14			145473536
43	1	query_only	0.129	0.14			145473536
43	2	control	0.129	0.14			145375232
43	3	actual	0.130	0.14			145702912
43	4	anchor_only	0.130	0.14			145424384
44	1	anchor_only	0.131	0.14			145457152
44	2	actual	0.130	0.14			145358848
44	3	control	0.131	0.14			145408000
44	4	query_only	0.129	0.14			145457152
45	1	control	0.129	0.14			145276928
45	2	anchor_only	0.130	0.14			145735680
45	3	query_only	0.129	0.14			145604608
45	4	actual	0.132	0.14			145408000
46	1	actual	0.130	0.14			145489920
46	2	query_only	0.130	0.14			145571840
46	3	anchor_only	0.130	0.14			145522688
46	4	control	0.130	0.14			145473536
47	1	query_only	0.130	0.14			147734528
47	2	control	0.129	0.14			145424384
47	3	actual	0.131	0.14			145342464
47	4	anchor_only	0.130	0.14			145653760
48	1	anchor_only	0.130	0.14			145391616
48	2	actual	0.129	0.14			145440768
48	3	control	0.129	0.14			145473536
48	4	query_only	0.128	0.14			145358848
49	1	control	0.131	0.14			145473536
49	2	anchor_only	0.130	0.14			145375232
49	3	query_only	0.129	0.14			145506304
49	4	actual	0.129	0.14			145424384
50	1	actual	0.131	0.14			145588224
50	2	query_only	0.129	0.14			145489920
50	3	anchor_only	0.129	0.14			145309696
50	4	control	0.130	0.14			145489920
